location_id,commissioner,robot,distance,number_of_turns,additional_cargo,rush_level,energy_joule
1,10,Robot2,38.055113769591216,8,0.0,1,420.16
1,10,Robot1,31.90073720116044,7,5.2,1,490.08
1,11,Robot1,60.162102060372106,8,0.0,0,365.54
1,11,Robot1,70.1682458177423,3,0.0,2,560.64
1,13,Robot2,60.354741488973325,5,0.0,0,341.03
1,14,Robot2,76.29453971614117,4,0.0,1,484.73
1,10,Robot1,22.046192238636067,6,0.0,1,249.94
1,14,Robot2,60.48890113378668,7,5.2,0,778.78
1,12,Robot2,86.02003541479354,5,5.2,2,1254.77
1,13,Robot1,84.49227900353415,8,5.2,0,957.4
1,13,Robot1,39.91775596719289,9,0.0,2,494.99
1,10,Robot1,39.507092846323374,6,0.0,1,360.52
1,15,Robot2,72.98945829859096,3,0.0,1,476.79
1,16,Robot1,54.42666822077898,4,0.0,1,295.28
1,12,Robot2,94.70654518975101,4,0.0,2,797.86
1,17,Robot2,75.52054841126096,5,0.0,1,533.61
1,12,Robot2,65.90091725269184,7,0.0,0,430.42
1,12,Robot1,90.33294958875355,6,0.0,0,458.28
1,10,Robot2,49.87043457600226,5,0.0,1,460.41
1,16,Robot2,38.86792477004994,4,0.0,0,278.8
1,13,Robot2,35.207955757684566,5,0.0,1,330.84
1,18,Robot2,52.898272036256046,5,5.2,1,778.27
1,17,Robot2,53.43741665834086,8,0.0,1,489.25
1,13,Robot2,93.73467577573031,10,0.0,0,608.37
1,18,Robot2,36.788146653444585,7,0.0,2,454.21
1,11,Robot1,77.04162379239003,4,5.2,1,900.2
1,17,Robot2,30.181323302244902,5,0.0,2,372.54
1,14,Robot1,34.79434663587134,8,0.0,0,276.47
1,18,Robot1,72.98052612209096,2,0.0,2,573.85
1,16,Robot1,75.59148811873618,6,0.0,1,481.56
1,11,Robot2,60.70944787627776,5,0.0,0,362.92
1,13,Robot2,30.680854782807394,5,0.0,0,279.16
1,11,Robot2,64.22740775646378,4,0.0,2,595.55
1,17,Robot1,24.043359798132457,5,0.0,0,214.06
1,18,Robot1,68.6097939356491,6,0.0,0,357.93
1,13,Robot1,58.756523708715925,6,0.0,1,473.1
1,16,Robot2,83.95397285795887,4,0.0,2,723.61
1,11,Robot1,74.7512429233361,4,0.0,2,564.8
1,13,Robot1,26.918422769067163,10,0.0,0,358.02
1,14,Robot1,28.72369090067688,2,0.0,0,148.2
1,16,Robot2,88.22319471595262,4,0.0,1,607.19
1,11,Robot2,41.17870289202178,5,5.2,1,658.75
1,11,Robot2,48.26712062095713,5,0.0,0,393.17
1,11,Robot2,85.01241968333306,7,0.0,0,464.88
1,10,Robot2,23.36280871173511,3,0.0,2,315.38
1,11,Robot1,34.03120924863724,9,0.0,1,400.35
1,10,Robot1,42.068987450380845,4,0.0,0,213.14
1,15,Robot2,32.98054794615185,6,5.2,0,474.18
1,11,Robot2,76.14446786417409,5,0.0,0,481.76
1,14,Robot1,47.686997088987624,8,0.0,0,284.0
1,14,Robot2,83.85027372980115,3,0.0,1,529.97
1,11,Robot2,37.228077365037805,3,0.0,2,420.65
1,17,Robot2,32.749532608195494,4,0.0,1,331.8
1,13,Robot2,38.96973875950472,5,0.0,1,331.6
1,14,Robot2,80.77702425607063,8,5.2,1,1099.16
1,16,Robot2,93.24217790676373,5,0.0,2,798.74
1,10,Robot1,51.38357986503736,5,0.0,2,470.65
1,12,Robot1,98.77281513037896,5,0.0,2,792.95
1,14,Robot2,25.885515045027294,6,0.0,0,303.78
1,10,Robot1,87.27943327248698,9,0.0,2,826.49
1,12,Robot1,75.7453073631876,3,5.2,1,886.21
1,14,Robot1,35.19372101653694,3,5.2,2,481.17
1,12,Robot2,81.12688997920117,4,0.0,0,439.29
1,11,Robot1,98.18890598775972,3,0.0,0,447.81
1,16,Robot1,44.29512878443288,2,0.0,1,250.77
1,12,Robot2,94.01551180675231,8,0.0,2,851.27
1,17,Robot1,21.33892697697958,3,0.0,1,204.21
1,12,Robot1,75.56535611307922,5,5.2,1,859.36
1,15,Robot1,68.56031302016872,4,0.0,2,545.84
1,15,Robot1,31.966796578438355,4,5.2,0,410.13
1,18,Robot1,67.1569376254429,4,0.0,2,526.16
1,14,Robot2,43.56340437877036,2,0.0,1,359.49
1,18,Robot2,55.43337457698863,4,5.2,0,690.48
1,16,Robot2,84.25685760890903,4,0.0,1,566.83
1,16,Robot2,67.98435523126145,5,0.0,2,642.59
1,10,Robot2,47.63853891455177,4,5.2,0,588.68
1,10,Robot2,34.75428814431909,5,0.0,1,375.89
1,12,Robot1,86.98555821760318,6,5.2,1,1035.37
1,14,Robot2,77.75071439423644,8,0.0,0,528.58
1,12,Robot2,90.75621629422106,3,0.0,2,755.13
1,18,Robot2,44.23257439352672,3,0.0,1,354.71
1,18,Robot2,92.33565657824543,6,0.0,1,684.66
1,13,Robot1,69.01388160555237,9,0.0,2,698.62
1,11,Robot1,87.08789410899142,6,0.0,0,396.21
1,10,Robot1,45.01076398726184,3,5.2,0,467.8
1,17,Robot2,84.73635378436913,3,0.0,1,526.76
1,13,Robot2,59.13500987827534,4,0.0,0,393.03
1,13,Robot2,62.87806543756382,6,0.0,2,597.71
1,13,Robot2,91.32558298295672,7,0.0,1,706.29
1,10,Robot1,58.88445812231452,7,0.0,2,574.36
1,10,Robot1,39.10341391588205,2,0.0,2,268.45
1,16,Robot1,90.31170503386764,5,0.0,1,519.47
1,17,Robot1,29.838417222968257,8,0.0,0,290.81
1,12,Robot1,62.86810073505037,4,0.0,2,544.59
1,12,Robot2,42.031504369017725,2,5.2,0,468.39
1,16,Robot1,56.30633680622205,7,5.2,2,834.23
1,11,Robot2,45.56879597861599,5,0.0,0,318.46
1,16,Robot2,71.85553623132921,7,5.2,2,
1,15,Robot1,98.81045783766687,3,0.0,1,542.73
1,13,Robot2,48.35197439622819,2,0.0,2,491.65
1,17,Robot1,86.18031730401817,5,0.0,0,419.74
1,15,Robot1,64.4121446571485,10,0.0,0,472.7
1,15,Robot2,30.12963171176736,11,0.0,0,406.7
1,12,Robot2,97.60418544223309,5,0.0,2,843.01
1,10,Robot1,55.71685138814619,5,0.0,2,479.33
1,18,Robot2,64.75566757854598,4,0.0,1,486.65
1,18,Robot2,33.540518855250696,3,0.0,0,214.51
1,10,Robot1,29.754745573548853,4,0.0,2,302.28
1,14,Robot1,83.55588798111191,3,0.0,0,287.35
1,10,Robot1,59.355260305307,2,0.0,2,493.35
1,16,Robot2,75.46471178305168,6,0.0,0,403.21
1,13,Robot1,69.30718395658351,11,5.2,2,1127.32
1,14,Robot2,35.129014861698415,9,0.0,2,525.7
1,16,Robot2,50.02805847577258,5,0.0,1,459.93
1,15,Robot2,26.652564282009507,3,0.0,0,246.41
1,12,Robot2,34.59009359738295,7,0.0,1,436.21
1,14,Robot2,66.51345144704948,4,0.0,0,382.48
1,11,Robot1,79.70226785603197,6,0.0,0,406.97
1,13,Robot1,97.30288146993894,7,0.0,1,653.65
1,15,Robot2,54.18316379450512,7,0.0,1,463.32
1,18,Robot2,28.032774813778246,7,0.0,0,337.84
1,12,Robot1,36.56052365263895,3,0.0,1,265.11
1,17,Robot1,88.19324895273068,4,0.0,2,663.39
1,12,Robot1,72.63639691167151,9,5.2,0,848.03
1,13,Robot2,60.13080997380612,4,0.0,2,599.0
1,10,Robot1,84.51195272341303,3,5.2,0,786.41
1,13,Robot2,70.54643858490388,7,0.0,1,574.35
1,17,Robot1,93.96105838592317,4,0.0,0,356.74
1,12,Robot1,85.97678121155799,10,0.0,2,824.97
1,16,Robot1,25.810266306419,7,0.0,1,338.61
1,14,Robot2,70.01620871689097,8,0.0,0,448.6
1,11,Robot1,85.17524129975789,5,5.2,2,1171.31
1,10,Robot1,84.45901924778877,10,0.0,2,772.91
1,18,Robot1,44.45417997787358,6,5.2,1,635.6
1,10,Robot2,67.8557423912471,6,5.2,1,944.41
1,18,Robot2,93.69299046159034,4,0.0,1,629.22
1,10,Robot1,76.2224057336935,5,5.2,2,1123.35
1,16,Robot1,64.99693059320262,5,0.0,0,304.71
1,13,Robot1,38.53189455800009,7,0.0,1,345.17
1,16,Robot2,69.54899500235317,5,0.0,1,505.62
1,17,Robot1,45.02173887401994,4,0.0,2,371.83
1,17,Robot1,86.28225825777837,4,0.0,0,386.83
1,18,Robot1,32.95152317437257,3,0.0,1,224.6
1,18,Robot1,44.88880331998803,7,0.0,1,383.61
1,10,Robot2,95.02756926363853,6,5.2,0,1053.28
1,17,Robot2,99.41860192227419,7,0.0,0,515.07
1,16,Robot2,47.70438800219126,2,0.0,2,440.59
1,17,Robot1,36.9957034623776,8,0.0,0,295.78
1,11,Robot2,72.72523358923608,10,0.0,2,823.77
1,16,Robot1,59.38267776548362,6,5.2,2,882.31
1,16,Robot2,86.71931259733724,3,0.0,1,563.96
1,18,Robot2,37.27661138876476,7,5.2,2,659.68
1,13,Robot2,70.07848188448759,5,0.0,2,646.29
1,13,Robot2,65.14295347894571,5,0.0,1,511.53
1,18,Robot1,27.233904454677376,4,0.0,0,188.66
1,10,Robot2,78.14278979611362,10,0.0,2,796.37
1,14,Robot2,23.191292649390228,4,0.0,2,359.71
1,17,Robot1,96.68066096193128,8,0.0,2,877.57
1,16,Robot1,64.38676300824841,4,0.0,0,338.22
1,14,Robot1,88.87553828148553,12,0.0,1,716.07
1,11,Robot2,65.26998670680112,4,5.2,1,808.2
1,18,Robot1,77.82327292271,5,5.2,0,803.8
1,14,Robot2,98.4042434220925,8,0.0,1,765.66
1,12,Robot2,87.7546445289046,10,5.2,1,1253.88
1,16,Robot2,43.23104169941651,8,0.0,0,432.71
1,13,Robot2,25.585278961524757,7,0.0,1,357.08
1,11,Robot1,71.35889969241094,6,0.0,0,330.61
1,13,Robot2,31.7783792355766,3,0.0,1,335.45
1,11,Robot2,81.79871168222726,6,0.0,2,768.59
1,14,Robot2,53.76206213590749,5,0.0,2,508.29
1,18,Robot1,21.248779935363533,6,0.0,0,229.16
1,15,Robot1,28.82086923760025,6,0.0,2,328.03
1,17,Robot2,91.5676880207249,6,0.0,2,764.89
1,12,Robot2,98.55285918246778,6,0.0,2,882.59
1,11,Robot1,56.058990691640155,3,0.0,2,473.16
1,12,Robot2,50.77958702697134,11,0.0,0,518.07
1,16,Robot1,96.45966575418356,5,0.0,0,351.96
1,10,Robot2,69.83480396614617,7,5.2,2,1141.24
1,15,Robot1,29.94436499366725,8,0.0,1,371.6
1,17,Robot1,44.66243013720173,9,0.0,2,533.73
1,17,Robot2,30.712539291011183,4,0.0,0,277.44
1,15,Robot1,44.72925010410165,5,0.0,1,325.26
1,14,Robot1,33.01982649160037,3,5.2,2,415.4
1,12,Robot2,63.78164280476094,11,0.0,0,487.26
1,11,Robot1,32.65265784581368,6,0.0,0,242.03
1,10,Robot1,53.16077478558582,7,0.0,0,295.66
1,13,Robot1,83.84329689797906,6,5.2,0,910.36
1,18,Robot1,98.28393156346274,7,5.2,0,1023.67
1,14,Robot1,52.34642019343073,4,0.0,1,373.95
1,12,Robot1,86.23989019832116,8,0.0,2,797.4
1,13,Robot2,30.120025661616786,9,0.0,1,427.55
1,18,Robot1,42.94671801674297,4,0.0,0,267.63
1,14,Robot1,48.459206464029435,7,0.0,0,340.22
1,11,Robot2,59.512814114384,5,5.2,2,941.02
1,13,Robot1,91.62463506526639,6,0.0,2,731.07
1,18,Robot1,60.852598978865984,3,0.0,1,359.15
1,14,Robot2,73.96097484695943,2,0.0,2,610.53
1,18,Robot1,50.956551715078774,6,0.0,1,418.25
1,17,Robot1,67.58132224731784,7,0.0,1,504.38
1,14,Robot2,25.183254151852243,7,0.0,2,382.5
1,12,Robot1,69.7668922174015,8,5.2,0,787.28
1,18,Robot2,62.330881768495026,2,0.0,0,346.87
1,12,Robot2,81.1246150724111,10,0.0,2,834.85
1,15,Robot2,34.043981803854834,7,0.0,2,420.4
1,10,Robot2,35.88810677421637,6,0.0,2,443.89
1,11,Robot1,67.63855685788909,8,0.0,1,446.36
1,12,Robot1,43.25458301053563,3,0.0,0,211.92
1,13,Robot2,29.12660350979366,4,0.0,0,264.23
1,10,Robot1,51.55329387027966,5,5.2,2,724.14
1,18,Robot2,54.200278138901425,2,0.0,0,295.84
1,14,Robot1,51.42148939269106,4,0.0,2,482.07
1,14,Robot2,40.72130755265475,10,0.0,1,503.37
1,14,Robot1,34.43782301891996,5,0.0,1,322.58
1,16,Robot2,56.94682824514802,6,0.0,2,575.87
1,13,Robot2,22.98981906696148,7,0.0,2,358.62
1,17,Robot1,27.703179206893005,11,0.0,0,345.06
1,14,Robot2,28.904319102604404,3,5.2,0,403.41
1,14,Robot2,96.19982028566344,3,0.0,0,448.85
1,16,Robot2,84.56157157222984,4,0.0,0,402.87
1,13,Robot2,82.65964364512472,5,0.0,0,481.49
1,11,Robot2,91.98184398320855,6,0.0,0,484.82
1,13,Robot1,52.737132917575885,5,0.0,0,305.74
1,17,Robot1,47.39158278536625,3,0.0,0,214.41
1,17,Robot2,30.634920667521694,7,0.0,1,337.31
1,12,Robot2,44.428238465149484,6,0.0,2,530.69
1,12,Robot1,91.99064985293748,6,5.2,0,930.47
1,18,Robot1,32.00579691811253,4,0.0,2,280.92
1,17,Robot1,69.74789735374333,7,0.0,2,651.03
1,14,Robot2,67.05279954255991,3,0.0,0,292.55
1,10,Robot1,35.84156941125453,6,0.0,2,350.43
1,15,Robot2,69.49818849064096,2,0.0,2,539.46
1,17,Robot1,44.26756277729198,3,0.0,2,386.27
1,14,Robot2,42.86833300655596,3,0.0,1,373.21
1,18,Robot1,30.646897641560134,4,0.0,1,244.62
1,12,Robot1,93.70530040511503,4,0.0,2,764.75
1,17,Robot1,43.932608360792,4,0.0,2,414.06
1,13,Robot1,93.7031295293777,7,0.0,2,803.55
1,12,Robot1,88.9756135968406,8,0.0,0,405.95
1,16,Robot1,85.6571024613401,6,5.2,1,1099.87
1,16,Robot1,73.10986621415256,3,0.0,1,448.54
1,13,Robot1,96.26944397691975,6,5.2,2,1348.46
1,13,Robot1,54.36803252064226,3,0.0,1,292.35
1,16,Robot2,64.79301207897998,6,0.0,0,440.38
1,15,Robot2,83.04980253399566,7,0.0,1,625.22
1,12,Robot2,38.71342811294019,6,0.0,1,432.89
1,11,Robot2,58.739373993548035,2,5.2,1,742.75
1,14,Robot2,86.65300291737249,7,0.0,1,690.24
1,12,Robot1,33.593644308329424,8,0.0,1,350.93
1,12,Robot2,69.21313548314872,3,0.0,2,592.33
1,11,Robot2,97.87460380680731,3,5.2,2,1333.73
1,15,Robot1,33.78656965353552,7,0.0,2,421.76
1,14,Robot2,94.89003282885183,5,5.2,0,1056.67
1,12,Robot1,67.959653892463,11,5.2,2,1117.61
1,16,Robot2,23.735434718807504,7,0.0,2,422.82
1,11,Robot1,55.949857818700174,3,0.0,0,244.17
1,12,Robot1,64.85967739341324,9,0.0,1,517.01
1,13,Robot2,86.76360376363445,7,5.2,1,1168.81
1,15,Robot1,67.69672719849906,5,0.0,2,524.87
1,10,Robot1,76.26002067243442,6,0.0,0,380.34
1,13,Robot2,65.21445991692525,3,0.0,1,489.61
1,10,Robot1,66.61648039036216,7,0.0,0,432.68
1,18,Robot1,24.588762800189773,5,0.0,0,167.55
1,11,Robot2,73.42971272338076,11,0.0,1,678.85
1,14,Robot1,96.31941580238589,3,0.0,2,673.53
1,11,Robot2,71.65257815485268,7,0.0,1,598.9
1,18,Robot2,53.9239190622219,6,0.0,2,562.31
1,16,Robot1,77.87109959693868,7,0.0,2,700.62
1,16,Robot1,63.62108608802218,4,0.0,0,281.92
1,13,Robot2,87.4816740011469,7,0.0,1,640.83
1,16,Robot2,21.169911959553787,8,0.0,2,429.55
1,15,Robot1,80.31847029456695,5,0.0,0,430.77
1,17,Robot2,23.80391944520914,8,0.0,0,359.4
1,17,Robot2,48.481476118966896,8,0.0,2,493.48
1,12,Robot2,91.22125042963431,6,0.0,0,491.71
1,12,Robot1,78.9449277104134,3,0.0,1,438.65
1,10,Robot1,85.70728685249746,8,0.0,1,616.14
1,12,Robot2,50.64367307084862,4,0.0,0,351.68
1,16,Robot1,34.20557717628969,5,0.0,0,169.9
1,15,Robot2,98.75664052141188,6,0.0,1,740.66
1,15,Robot1,96.77789510242677,10,0.0,0,517.24
1,15,Robot1,30.720863994743354,4,0.0,2,258.04
1,11,Robot2,33.020353485575434,5,0.0,2,404.27
1,13,Robot2,73.32466088026248,4,0.0,0,338.72
1,11,Robot1,62.40764466271251,2,5.2,2,796.48
1,14,Robot2,30.253134824569358,7,5.2,2,617.68
1,10,Robot1,47.57709408589841,7,5.2,1,668.54
1,14,Robot2,78.18096100079147,7,0.0,1,621.8
1,10,Robot1,33.27280876144494,9,5.2,2,643.07
1,15,Robot1,66.21068923414995,7,0.0,2,595.84
1,13,Robot2,56.94386865625228,3,0.0,2,520.53
1,13,Robot1,40.195097590093596,6,0.0,0,251.66
1,10,Robot1,77.77048041806579,7,5.2,0,817.8
1,12,Robot2,81.9585912339449,6,0.0,2,767.99
1,12,Robot2,34.079591298659764,6,0.0,2,443.11
1,13,Robot2,60.33589465852159,5,5.2,0,702.05
1,13,Robot1,74.88460637905852,8,0.0,2,654.05
1,18,Robot1,24.304344547350357,4,0.0,2,313.48
1,18,Robot1,48.588784395742536,4,5.2,1,594.12
1,15,Robot2,47.166700605720614,6,0.0,1,438.23
1,16,Robot2,51.37293154349554,5,0.0,2,528.31
1,15,Robot2,40.08888492822196,8,0.0,1,433.02
1,11,Robot1,48.81545700502316,5,0.0,1,402.84
1,12,Robot2,57.798733659292154,7,0.0,0,399.81
1,14,Robot2,64.0030887142542,5,0.0,1,540.73
1,17,Robot1,35.41412072654126,4,0.0,2,301.94
1,17,Robot1,45.60012662700777,3,0.0,0,254.56
1,17,Robot2,23.762932719348946,9,0.0,1,426.31
1,14,Robot1,26.088333279721354,3,0.0,1,207.72
1,12,Robot2,58.0405130643447,3,0.0,1,418.85
1,10,Robot1,83.61760718655873,8,0.0,1,530.99
1,11,Robot2,40.862770464876995,3,5.2,1,508.89
1,15,Robot2,36.66850431568601,6,0.0,0,
1,12,Robot2,57.81777373396239,5,0.0,2,572.05
1,11,Robot2,42.967164555196376,7,5.2,2,719.23
1,15,Robot2,35.68670150202245,2,0.0,1,245.18
1,12,Robot2,64.65667706949895,4,0.0,2,645.21
1,17,Robot2,92.76435230081489,7,0.0,1,690.8
1,16,Robot1,90.98373747612725,4,0.0,2,701.79
1,18,Robot2,84.61817978676979,8,0.0,1,690.95
1,13,Robot1,26.578863482549757,6,5.2,2,434.87
1,14,Robot1,88.93697061217657,3,0.0,1,462.87
1,18,Robot2,37.03824141133302,4,0.0,0,298.8
1,14,Robot1,72.34842789842523,2,0.0,1,374.08
1,16,Robot1,58.98876803087863,8,0.0,2,597.81
1,11,Robot1,97.14233019262953,4,0.0,1,579.87
1,11,Robot1,30.13483091886958,2,0.0,2,264.06
1,11,Robot1,24.472853536940775,8,0.0,2,290.12
1,16,Robot2,33.67492016749295,5,0.0,0,321.31
1,10,Robot2,63.611470942871144,6,0.0,0,399.66
1,18,Robot2,75.0409835509748,8,5.2,1,1122.73
1,14,Robot1,68.08677546209265,7,0.0,1,468.58
1,13,Robot2,32.30003887230837,5,0.0,2,389.35
1,14,Robot1,22.840912340924056,8,0.0,0,265.3
1,17,Robot1,35.88411996382719,6,0.0,2,409.32
1,11,Robot1,52.89174023916014,10,0.0,0,423.48
1,18,Robot1,71.15042557195704,3,0.0,2,593.02
1,10,Robot2,51.712587563361836,4,0.0,1,407.95
1,10,Robot1,77.33397274640055,6,0.0,2,
1,12,Robot2,83.94982181206893,5,5.2,1,1057.02
1,11,Robot2,78.04218433392579,5,0.0,1,624.98
1,13,Robot1,56.89594816814018,7,5.2,0,642.17
1,16,Robot1,77.98672800964489,6,0.0,2,689.2
1,16,Robot2,55.21829749653064,10,5.2,1,936.6
1,12,Robot2,58.572106240083166,7,0.0,0,414.99
1,16,Robot1,55.90680112920589,10,0.0,1,529.73
1,14,Robot1,85.90811212246213,5,0.0,0,372.55
1,13,Robot2,65.38027298223017,4,0.0,1,484.73
1,10,Robot2,66.81746034257392,4,0.0,1,473.51
1,17,Robot1,49.81880666506553,5,0.0,0,255.7
1,12,Robot1,43.3314905938025,4,0.0,1,299.59
1,10,Robot2,99.21034920855212,4,0.0,2,871.2
1,10,Robot1,66.14215141919371,10,0.0,0,443.7
1,11,Robot1,76.69893168546615,9,0.0,0,436.86
1,18,Robot2,42.11542183366396,7,0.0,2,520.31
1,10,Robot1,82.28835212317803,3,0.0,1,517.78
1,15,Robot2,52.02545228866431,6,0.0,1,495.33
1,18,Robot1,29.94745206163173,5,0.0,2,326.8
1,15,Robot1,89.14446375822013,4,0.0,2,660.83
1,18,Robot1,61.91739354338542,6,0.0,0,335.32
1,16,Robot2,75.2545673989841,5,0.0,1,590.47
1,13,Robot1,37.84460307896359,5,0.0,1,334.55
1,14,Robot1,30.846067893876,4,0.0,2,281.81
1,15,Robot1,73.69977030284495,6,0.0,1,451.6
1,13,Robot2,32.701303442430245,9,0.0,0,386.49
1,16,Robot2,53.721807984404144,7,0.0,0,371.77
1,15,Robot2,21.47780373583367,11,0.0,1,394.11
1,14,Robot2,86.92830546365258,9,0.0,1,684.44
1,11,Robot2,46.539785518058345,5,0.0,1,429.21
1,13,Robot1,69.64406692572095,4,0.0,2,581.58
1,18,Robot1,28.558552058755946,7,0.0,1,297.93
1,15,Robot1,50.53835654288082,5,0.0,1,380.1
1,16,Robot1,39.951577358342405,7,0.0,2,417.75
1,12,Robot2,22.93109011795426,6,0.0,2,391.89
1,14,Robot1,96.27426671230654,4,0.0,0,410.78
1,16,Robot1,64.14607591039632,5,0.0,2,561.23
1,13,Robot2,50.926099899506525,6,5.2,0,681.43
1,18,Robot2,48.22604930764391,6,0.0,2,622.8
1,16,Robot1,44.32952970613675,5,0.0,2,418.86
1,10,Robot1,85.01042359128844,5,0.0,0,363.64
1,13,Robot2,94.10746606418229,5,0.0,0,446.29
1,17,Robot1,44.681507499617396,7,0.0,1,410.98
1,12,Robot2,34.35189170821977,7,5.2,0,510.15
1,10,Robot1,98.32364581846267,9,0.0,2,863.98
1,18,Robot2,64.24819734703877,3,0.0,0,315.74
1,11,Robot2,61.0925343006867,5,5.2,2,949.17
1,17,Robot1,83.0329414976118,8,0.0,2,723.1
1,14,Robot2,29.37276885307221,4,0.0,0,314.3
1,18,Robot1,76.95828690034324,4,0.0,1,447.13
1,16,Robot1,41.92162406236638,3,0.0,1,271.37
1,11,Robot1,34.78283507187404,4,0.0,1,320.12
1,13,Robot1,29.85465415267977,4,0.0,0,190.51
1,13,Robot1,80.26818201774742,8,0.0,1,611.32
1,17,Robot2,82.52925467295591,6,0.0,0,417.09
1,11,Robot1,54.530061370474115,4,0.0,1,354.49
1,18,Robot1,71.6166666839851,8,5.2,0,829.25
1,14,Robot2,56.1917471423134,8,0.0,1,575.13
1,14,Robot2,43.764666738426286,6,0.0,1,398.88
1,14,Robot1,84.6205217321343,3,0.0,2,690.14
1,12,Robot1,32.789508627611895,8,0.0,1,345.1
1,18,Robot1,80.11059709704571,7,0.0,1,587.7
1,17,Robot2,22.633202283053492,6,5.2,1,454.17
1,11,Robot2,72.70582646569466,8,0.0,0,478.42
1,18,Robot1,31.496207993859258,3,0.0,2,248.86
1,10,Robot1,71.16077003295113,7,0.0,0,402.44
1,17,Robot2,90.18468005307476,6,5.2,2,1374.22
1,11,Robot1,28.775758284170873,2,0.0,0,143.21
1,10,Robot2,65.53042860417298,5,0.0,1,495.33
1,16,Robot1,56.586431511190646,8,5.2,1,791.41
1,16,Robot1,58.148702224080886,5,5.2,2,881.45
1,17,Robot1,50.78407501022387,4,5.2,0,500.96
1,11,Robot2,50.579589959379064,8,0.0,0,463.69
1,12,Robot1,51.2147939520908,4,5.2,0,574.85
1,16,Robot1,54.046662399556496,6,5.2,2,844.78
1,15,Robot2,71.53213135652412,3,0.0,0,289.32
1,14,Robot2,49.13299411542293,5,0.0,2,535.53
1,16,Robot1,51.041436541665426,9,0.0,1,494.65
1,17,Robot1,39.08200805267167,5,0.0,2,399.32
1,17,Robot2,92.97690749302613,6,5.2,1,1181.57
1,18,Robot2,47.55520364465536,4,5.2,2,750.14
1,18,Robot1,76.20814742000057,6,0.0,0,363.55
1,17,Robot1,87.61080878204667,2,0.0,1,486.62
1,11,Robot2,37.7052423342983,4,0.0,2,406.27
1,14,Robot2,31.915634148948115,6,0.0,2,418.1
1,18,Robot1,82.28329366542556,8,0.0,2,751.77
1,11,Robot1,81.58004854924702,7,0.0,2,690.65
1,15,Robot2,23.542928346200412,7,0.0,1,367.34
1,16,Robot2,21.117245669941617,4,0.0,2,272.21
1,16,Robot2,79.0328617746996,7,5.2,0,949.44
1,17,Robot1,76.9206050383217,4,0.0,2,609.37
1,17,Robot1,72.28993465173735,9,0.0,0,439.74
1,12,Robot1,38.45756616235276,3,0.0,2,354.16
1,10,Robot1,51.95936504769994,5,0.0,1,389.49
1,16,Robot1,37.494763607516816,7,0.0,2,407.36
1,14,Robot2,43.55252127089863,8,0.0,0,376.71
1,16,Robot1,36.370251646409,5,0.0,1,285.79
1,17,Robot1,26.324185567007607,5,0.0,2,278.09
1,10,Robot1,94.56074056321967,6,0.0,2,772.99
1,16,Robot2,26.592718846636302,3,0.0,2,293.29
1,13,Robot2,45.277204214692695,5,0.0,0,312.52
1,14,Robot1,47.106259080173785,7,0.0,2,494.17
1,15,Robot2,24.866501978843505,7,0.0,2,353.06
1,14,Robot2,34.73994366637824,11,0.0,0,447.94
1,18,Robot2,90.16017238057978,5,0.0,0,489.97
1,10,Robot1,85.65423528181907,3,5.2,1,981.43
1,18,Robot1,49.5600667991273,6,0.0,2,467.37
1,15,Robot1,55.64818557934943,4,0.0,1,386.98
1,15,Robot1,82.65539352294266,6,0.0,1,545.23
1,16,Robot2,92.59125316987503,7,0.0,2,815.79
1,13,Robot1,90.83861467638181,2,0.0,1,476.1
1,15,Robot1,43.426405788451106,2,0.0,2,303.8
1,12,Robot1,82.2100901656639,8,0.0,2,721.66
1,15,Robot1,78.30768223376394,12,0.0,2,811.33
1,15,Robot2,93.6881322677022,2,0.0,2,719.84
1,14,Robot2,35.55299435046143,7,0.0,0,329.0
1,12,Robot2,55.2868746565369,6,5.2,2,848.07
1,17,Robot1,87.73661697798242,5,0.0,1,484.55
1,16,Robot2,86.26124891045338,3,5.2,1,1017.9
1,15,Robot2,75.88532885372683,2,0.0,0,366.16
1,10,Robot2,92.68662805480294,6,0.0,0,507.26
1,14,Robot2,48.118775559379294,3,5.2,0,620.21
1,12,Robot1,63.041074307315625,6,0.0,1,426.95
1,13,Robot2,94.43168541704239,2,0.0,0,421.46
1,10,Robot1,86.78918103305621,5,0.0,0,370.23
1,17,Robot2,72.45965137523427,5,0.0,2,674.96
1,14,Robot1,78.86414964487801,6,0.0,2,625.47
1,15,Robot2,69.98116654772963,5,0.0,0,412.75
1,17,Robot1,67.51330444880051,9,0.0,2,686.86
1,12,Robot1,61.266177738409816,3,5.2,2,839.77
1,15,Robot1,65.83585312358306,9,0.0,0,386.23
1,18,Robot1,55.72555660806006,3,5.2,2,757.51
1,13,Robot2,40.01616344223963,6,5.2,1,635.72
1,17,Robot2,72.30458063968953,2,0.0,1,482.02
1,11,Robot2,54.98232272929179,7,5.2,1,836.4
1,17,Robot2,84.17083339371796,6,0.0,2,779.53
1,17,Robot1,51.75805549025095,5,0.0,0,266.1
1,18,Robot2,59.79767062567266,5,0.0,0,356.45
1,13,Robot1,89.60989269947251,5,5.2,0,856.87
1,13,Robot1,70.96060859622784,5,5.2,0,742.44
1,13,Robot2,38.13175255295131,5,0.0,0,328.04
1,15,Robot2,32.66431776277315,3,0.0,2,340.61
1,13,Robot1,94.75026201306937,6,0.0,0,475.4
1,15,Robot1,89.14771509033977,7,0.0,2,760.32
1,13,Robot1,55.20951191094841,9,0.0,0,375.66
1,17,Robot1,86.75701219602357,3,5.2,2,1173.59
1,10,Robot1,68.91090092771783,3,5.2,2,933.25
1,16,Robot1,75.42915473485303,6,0.0,0,397.92
1,18,Robot1,58.79700305716572,6,0.0,1,439.69
1,18,Robot2,92.72754350793545,4,0.0,0,467.01
1,16,Robot2,41.40510376335683,5,0.0,0,310.91
1,16,Robot2,90.93416983790488,5,0.0,1,642.45
1,15,Robot1,56.47443199830874,9,5.2,2,925.31
1,17,Robot2,62.202820538980745,5,0.0,0,434.54
1,14,Robot2,85.76374861818256,4,0.0,2,798.89
1,14,Robot2,76.13527101326738,9,5.2,2,1218.33
1,17,Robot2,89.44777432303161,11,0.0,0,645.03
1,13,Robot1,29.576729236556393,5,0.0,1,
1,13,Robot2,54.825079499479585,3,0.0,2,470.88
1,13,Robot2,25.31195521756867,9,0.0,1,414.94
1,16,Robot1,56.119660736540276,5,0.0,0,294.95
1,11,Robot1,25.586514737216053,9,0.0,0,351.52
1,13,Robot1,98.76597363286237,7,0.0,2,851.63
1,17,Robot1,25.43560970121167,7,5.2,2,485.35
1,15,Robot1,78.57122546698052,4,0.0,2,594.23
1,12,Robot2,45.15358538510732,8,0.0,0,418.13
1,15,Robot2,42.15772284856767,7,0.0,2,537.69
1,18,Robot2,44.7696303018581,6,5.2,0,628.81
1,18,Robot2,22.25678327342146,2,0.0,0,209.53
1,15,Robot2,35.84412818616708,4,5.2,0,449.38
1,11,Robot2,55.75379064295951,8,5.2,1,883.61
1,10,Robot2,60.0566389696571,11,0.0,1,654.51
1,17,Robot2,22.78256522203869,3,5.2,1,330.62
1,16,Robot1,91.73456248814956,4,0.0,1,552.3
1,12,Robot2,38.40996553398962,10,5.2,0,705.45
1,13,Robot2,64.3866967933007,2,0.0,1,410.43
1,10,Robot2,26.68673117118594,3,0.0,1,290.37
1,15,Robot2,86.52399697452758,6,5.2,2,1301.94
1,12,Robot2,50.373410956330495,3,0.0,1,417.11
1,18,Robot2,62.94824434248626,7,0.0,1,514.04
1,10,Robot2,95.22849229030219,6,0.0,0,500.95
1,11,Robot2,39.88477874424702,3,0.0,0,272.68
1,15,Robot1,87.8994567922688,2,0.0,1,471.73
1,18,Robot1,24.960814445531916,3,5.2,1,330.54
1,16,Robot1,25.71005130247687,4,0.0,1,234.56
1,12,Robot2,76.76404770344871,5,0.0,2,699.26
1,15,Robot2,77.76016177392023,3,5.2,0,841.41
1,17,Robot1,63.798729638287234,4,0.0,0,269.69
1,11,Robot2,28.86128260579216,3,0.0,2,315.19
1,14,Robot2,85.81462445104508,8,0.0,2,813.95
1,10,Robot1,33.94457085035072,6,0.0,2,374.35
1,14,Robot1,40.7808055275639,4,0.0,0,219.41
1,17,Robot2,67.84427626834082,3,0.0,0,356.54
1,16,Robot1,47.72182160085019,10,0.0,0,392.59
1,16,Robot2,71.47510531029279,2,0.0,1,447.18
1,16,Robot1,92.88423921185289,3,0.0,1,565.53
1,12,Robot1,38.46940757838102,3,0.0,0,225.21
1,13,Robot1,68.85006374946553,3,0.0,1,435.97
1,18,Robot1,64.07547829261935,6,0.0,2,582.0
1,10,Robot1,59.900525177686056,8,5.2,1,769.42
1,18,Robot1,50.98836140935895,3,0.0,0,240.26
1,16,Robot2,53.5045247964082,4,0.0,1,466.39
1,17,Robot1,22.339931635356777,7,0.0,1,233.16
1,17,Robot1,62.09043986289639,10,0.0,1,507.43
1,14,Robot1,76.50454728025409,5,0.0,2,604.4
1,11,Robot2,89.79482628542914,3,0.0,2,741.36
1,10,Robot2,65.89041361724921,4,5.2,2,970.38
1,15,Robot1,77.5831500350937,6,5.2,2,1119.19
1,14,Robot1,54.96529883176764,8,0.0,0,346.29
1,16,Robot1,98.10366998713958,6,5.2,1,1191.14
1,12,Robot1,68.83569018590703,7,0.0,2,551.39
1,12,Robot1,47.68737201536832,10,0.0,1,499.94
1,15,Robot2,62.30974280246181,7,0.0,2,655.73
1,11,Robot2,44.88046420233091,4,0.0,2,517.16
1,18,Robot1,75.03542353025101,3,5.2,1,836.96
1,10,Robot1,33.77035817006237,2,0.0,1,231.84
1,12,Robot1,44.35606373894055,5,0.0,1,347.24
1,14,Robot1,73.03795340595371,6,0.0,1,511.33
1,15,Robot2,26.211863564661215,10,0.0,1,441.77
1,17,Robot2,31.33053215562684,6,0.0,2,441.89
1,13,Robot1,72.98537693893795,6,5.2,2,1072.45
1,13,Robot2,69.89207975154125,10,0.0,2,741.59
1,15,Robot1,41.12002445673856,4,0.0,1,333.99
1,12,Robot1,80.92774952324538,3,0.0,1,478.67
1,17,Robot2,96.78919263910784,4,0.0,0,
1,14,Robot1,29.492989626271324,9,0.0,2,417.83
1,17,Robot1,47.36208286418603,5,0.0,0,242.95
1,16,Robot2,91.65017481141128,7,5.2,1,1247.36
1,14,Robot2,83.30230112838626,8,0.0,1,685.07
1,11,Robot2,90.98479480583148,6,5.2,0,997.41
1,16,Robot2,73.8537840284952,5,0.0,1,590.02
1,12,Robot2,22.391237182494315,3,0.0,0,242.78
1,14,Robot2,92.75900988010285,4,0.0,2,820.51
1,14,Robot2,79.30989142307979,9,0.0,0,547.35
1,15,Robot2,56.37694389985822,4,0.0,2,538.58
1,14,Robot2,48.01853542966437,6,0.0,0,355.02
1,10,Robot2,87.2757401765801,8,0.0,2,829.27
1,11,Robot1,88.67005090531774,11,0.0,1,734.95
1,17,Robot2,82.88773943047693,4,0.0,2,666.46
1,14,Robot1,53.75902979783316,5,0.0,1,368.15
1,12,Robot2,60.7639522680747,3,5.2,2,899.6
1,15,Robot2,89.7233145089677,6,0.0,1,657.87
1,11,Robot1,83.1061274997034,5,0.0,0,375.57
1,10,Robot2,99.09809053233063,4,0.0,1,688.75
1,13,Robot2,93.60333999856654,6,0.0,1,669.84
1,12,Robot1,60.68711399032742,5,0.0,2,609.02
1,18,Robot1,80.14311297038307,4,0.0,0,365.01
1,11,Robot2,73.06530660931513,4,0.0,2,638.53
1,14,Robot1,62.93718771035904,4,0.0,0,311.43
1,16,Robot2,76.82164369770027,9,5.2,2,1291.17
1,14,Robot1,79.45525533301657,3,5.2,0,837.53
1,12,Robot1,80.21303080228317,7,0.0,1,579.88
1,11,Robot1,85.33085394472715,5,0.0,1,558.0
1,16,Robot2,98.7457804306189,5,5.2,2,1386.92
1,15,Robot1,97.04892961894538,9,0.0,1,699.81
1,14,Robot1,91.925489954935,6,0.0,1,606.83
1,13,Robot2,76.34504540062645,11,0.0,0,554.94
1,18,Robot2,88.8531646671576,2,0.0,0,383.42
1,11,Robot1,74.18476736298831,3,0.0,1,411.86
1,15,Robot1,21.995359669584307,9,0.0,1,374.83
1,17,Robot2,56.713550535450935,4,0.0,2,530.83
1,12,Robot1,72.16356317910578,2,0.0,0,280.34
1,15,Robot1,61.589172710884654,5,0.0,0,277.32
1,16,Robot2,56.4313500856557,8,0.0,2,628.76
1,15,Robot2,81.76297140597474,8,0.0,2,851.72
1,14,Robot2,97.56011204641977,5,0.0,1,722.8
1,13,Robot1,30.16410076918165,5,5.2,1,494.9
1,12,Robot1,44.82420191039921,4,0.0,2,368.37
1,10,Robot2,63.22315076404416,5,0.0,2,623.28
1,17,Robot1,31.420007903919483,8,0.0,0,218.0
1,16,Robot1,51.13538386827757,6,0.0,1,415.65
1,17,Robot2,75.53369820239888,9,5.2,1,1090.16
1,17,Robot2,28.048717791085373,10,0.0,2,511.15
1,11,Robot1,73.7716371828896,7,0.0,2,706.91
1,18,Robot2,38.621542298973125,7,5.2,1,629.12
1,18,Robot2,69.72354018951964,5,5.2,1,956.41
1,16,Robot2,54.38157057150066,8,0.0,2,619.84
1,13,Robot2,89.3743161373485,5,5.2,1,1142.44
1,11,Robot2,48.37603647439659,7,5.2,0,698.97
1,15,Robot2,32.89693696159987,2,0.0,2,346.58
1,11,Robot1,62.89416321583041,5,0.0,1,451.21
1,17,Robot2,55.5817251979848,7,0.0,1,556.5
1,18,Robot2,99.63120464554481,6,0.0,0,521.5
1,17,Robot1,37.72707526688553,6,0.0,0,232.78
1,13,Robot2,86.86214114988282,8,0.0,1,684.25
1,11,Robot2,52.692995261067125,4,0.0,2,553.94
1,15,Robot1,95.86857433606119,3,0.0,0,367.66
1,14,Robot2,91.32406795517298,8,0.0,1,744.13
1,17,Robot2,97.66867879803061,5,0.0,1,669.71
1,14,Robot2,55.61895746033965,7,5.2,2,908.56
1,10,Robot2,62.24244252727976,6,5.2,0,736.61
1,11,Robot2,38.748493843669344,9,5.2,1,716.1
1,17,Robot2,76.74005737945242,8,0.0,2,785.82
1,10,Robot1,54.64904489370026,4,0.0,2,488.47
1,17,Robot2,83.9503215831059,6,0.0,0,514.16
1,18,Robot1,79.01535369798552,6,0.0,1,476.5
1,13,Robot2,99.90684289527563,2,0.0,1,678.89
1,17,Robot2,44.5274365137366,5,0.0,1,429.53
1,10,Robot1,49.97432304523498,3,0.0,0,230.82
1,10,Robot2,64.86621129671019,9,0.0,1,629.49
1,17,Robot2,85.41568278126859,4,0.0,1,595.65
1,10,Robot2,30.13424266059707,9,0.0,1,458.26
1,14,Robot2,56.10104151348929,4,0.0,1,385.1
1,17,Robot1,33.76768930962791,9,0.0,0,314.72
1,15,Robot1,72.33760253904504,7,0.0,0,381.33
1,14,Robot2,68.07801838195212,7,0.0,2,618.76
1,12,Robot2,88.13922066999086,6,0.0,1,659.79
1,12,Robot2,70.86991802142126,4,0.0,2,633.41
1,18,Robot2,39.8585689057972,7,5.2,0,561.22
1,11,Robot1,96.99545116631757,11,0.0,2,880.15
1,12,Robot1,55.62440627477393,7,5.2,1,731.57
1,17,Robot1,22.15855330135911,6,0.0,2,289.29
1,15,Robot1,25.33021760397255,3,0.0,2,233.58
1,15,Robot2,94.35395360633954,7,5.2,0,1015.76
1,17,Robot1,99.17190354714738,10,5.2,2,1440.36
1,12,Robot2,27.221610370262255,7,0.0,0,371.32
1,13,Robot1,66.23025800126007,3,0.0,0,264.58
1,18,Robot2,58.139170224044804,7,0.0,2,601.09
1,17,Robot2,42.61560695387807,5,0.0,0,297.33
1,10,Robot2,85.81279899758462,6,0.0,0,528.29
1,14,Robot2,69.2813404000319,6,0.0,1,555.08
1,11,Robot1,51.146842517140364,2,5.2,1,575.15
1,17,Robot2,57.959441546534855,7,5.2,0,744.25
1,18,Robot2,55.27455351625423,4,0.0,2,511.84
1,12,Robot2,28.876678839022702,4,0.0,2,338.99
1,15,Robot1,38.27990721012941,3,5.2,2,556.51
1,14,Robot1,52.909886009045366,2,0.0,1,312.12
1,13,Robot1,47.367823230452984,9,0.0,2,574.51
1,17,Robot1,45.5341814200241,4,0.0,2,406.26
1,13,Robot1,26.837646229063573,7,0.0,1,302.28
1,10,Robot2,22.777424184233706,5,0.0,1,296.29
1,12,Robot1,72.76976935598111,8,0.0,1,522.66
1,15,Robot2,45.25816933476396,4,0.0,0,317.92
1,16,Robot1,87.57910570821586,4,0.0,2,711.88
1,14,Robot2,53.037121464678634,8,0.0,1,548.18
1,11,Robot1,84.48616496899405,2,0.0,1,453.24
1,16,Robot2,71.77843825457535,4,0.0,2,629.38
1,18,Robot1,35.268054815065526,5,0.0,1,235.63
1,13,Robot1,32.31887423488389,6,0.0,0,193.4
1,13,Robot2,94.23960817855996,9,0.0,1,672.0
1,11,Robot1,90.57574353604842,5,0.0,1,589.9
1,12,Robot1,73.40758687085832,3,0.0,2,585.96
1,13,Robot2,92.57093535137274,5,5.2,0,1011.8
1,18,Robot1,42.70517607675609,5,0.0,1,366.17
1,15,Robot1,28.845136233131385,7,0.0,2,451.37
1,14,Robot2,92.0869533498886,7,0.0,2,880.53
1,11,Robot2,80.59715695967171,8,0.0,2,801.62
1,10,Robot1,86.01614196681956,5,5.2,2,1180.71
1,10,Robot2,52.417571421920044,4,0.0,0,312.84
1,12,Robot2,35.039292717030676,5,0.0,0,333.84
1,13,Robot1,70.49661239508379,2,0.0,1,341.32
1,16,Robot2,25.355692524427248,6,5.2,0,422.45
1,13,Robot2,24.776762280738154,4,0.0,0,252.79
1,17,Robot2,62.44118467404856,9,0.0,2,651.91
1,10,Robot2,27.716050512539372,4,5.2,2,532.92
1,12,Robot1,40.92359919768233,3,0.0,2,357.58
1,14,Robot2,28.47105322693481,4,0.0,2,337.59
1,11,Robot2,40.13283533477035,6,0.0,0,320.61
1,15,Robot2,87.16575839849888,6,0.0,1,647.88
1,16,Robot2,96.54488191013152,4,0.0,0,494.24
1,17,Robot1,94.70986916319833,7,0.0,1,650.6
1,18,Robot2,84.74543009409098,7,0.0,1,626.11
1,17,Robot1,74.21232340687465,3,0.0,1,434.48
1,18,Robot1,86.21604162339555,11,5.2,1,1214.0
1,14,Robot2,94.33061575649258,5,0.0,1,685.01
1,13,Robot2,29.895831077742287,8,0.0,2,476.26
1,12,Robot2,61.129889864068794,10,0.0,0,535.47
1,15,Robot2,65.80247506447998,5,0.0,1,
1,18,Robot2,78.17857037009146,5,0.0,1,587.77
1,18,Robot2,67.31810934968838,5,0.0,2,639.39
1,11,Robot2,83.6705894358287,5,0.0,2,720.16
1,15,Robot2,27.745159248606384,7,0.0,2,426.67
1,12,Robot2,27.928971147158165,8,0.0,1,426.46
1,17,Robot2,33.05060168074927,2,0.0,1,270.82
1,13,Robot1,37.597671014051485,5,5.2,2,574.17
1,17,Robot1,92.95038729210292,6,0.0,0,434.84
1,11,Robot2,70.97856863880114,3,5.2,1,887.29
1,10,Robot2,59.1535570783012,6,0.0,2,628.25
1,18,Robot2,25.964715504865147,5,0.0,1,344.25
1,18,Robot1,86.15176924055753,3,0.0,2,689.61
1,17,Robot1,22.5574444634983,6,5.2,0,398.83
1,15,Robot2,83.2562148697985,4,0.0,2,708.5
1,13,Robot2,37.37724642097808,2,0.0,1,284.45
1,10,Robot2,57.78739259864712,5,0.0,1,487.03
1,10,Robot2,70.49006128362652,2,5.2,1,855.2
1,15,Robot2,53.7540630409361,4,0.0,1,402.89
1,15,Robot2,64.89177441001004,9,0.0,2,735.51
1,12,Robot2,49.89370315177483,5,5.2,1,738.89
1,15,Robot2,88.79733358530792,9,0.0,1,678.73
1,10,Robot1,64.68263047115633,9,0.0,2,626.41
1,15,Robot2,91.48356786342502,2,0.0,1,540.52
1,11,Robot1,27.612364244281505,10,0.0,0,337.9
1,11,Robot2,68.71836480229119,7,0.0,0,454.69
1,16,Robot1,75.58513773462184,2,0.0,2,560.22
1,14,Robot1,63.78948144576417,10,5.2,0,857.43
1,15,Robot1,92.80193706005566,2,5.2,1,1070.7
1,11,Robot1,43.71397264167753,7,5.2,0,568.58
1,18,Robot2,70.55654827669807,2,0.0,2,611.07
1,17,Robot1,66.58948476758098,8,0.0,1,561.45
1,13,Robot1,30.637055972039647,4,0.0,1,291.58
1,15,Robot2,99.0319149512534,3,0.0,0,475.93
1,14,Robot2,55.02429410433363,3,0.0,2,484.88
1,17,Robot2,80.99915866570285,7,5.2,2,1232.07
1,17,Robot2,54.57632844374842,9,0.0,0,468.67
1,12,Robot2,40.85063296277649,6,0.0,1,410.53
1,12,Robot2,38.199470660955036,2,0.0,1,292.35
1,15,Robot1,96.10106950418752,4,0.0,0,432.83
1,13,Robot1,99.28486183748458,6,0.0,2,842.0
1,18,Robot1,61.08780307931436,10,0.0,1,554.51
1,16,Robot1,90.31329962046361,4,0.0,2,708.43
1,17,Robot1,39.02508928774243,8,0.0,0,307.28
1,14,Robot1,48.58320211928489,3,0.0,2,401.5
1,12,Robot1,58.813294282046584,5,0.0,0,334.38
1,13,Robot2,83.8252239480421,3,0.0,0,384.93
1,13,Robot1,22.08912075352868,7,5.2,2,430.4
1,13,Robot1,39.897574683440226,5,0.0,2,393.73
1,16,Robot2,96.45006978069036,4,0.0,1,697.48
1,16,Robot2,84.36607554113348,7,0.0,1,593.98
1,16,Robot1,28.778789493683984,3,0.0,0,147.14
1,17,Robot1,52.24692431585906,6,0.0,1,419.81
1,17,Robot1,69.76974886039933,8,0.0,2,594.77
1,11,Robot1,66.3733401701376,3,0.0,1,400.96
1,13,Robot1,88.73404039890093,4,0.0,1,620.04
1,16,Robot2,46.70608074854616,8,0.0,2,580.61
1,11,Robot1,55.024843609134294,7,0.0,0,359.8
1,13,Robot1,44.480509921834745,5,0.0,0,239.39
1,16,Robot2,43.73726142672177,4,0.0,0,319.14
1,11,Robot2,62.287038009914006,3,0.0,0,316.53
1,16,Robot1,55.525409669420995,4,0.0,0,353.61
1,18,Robot1,27.899487196721907,5,0.0,2,325.17
1,15,Robot2,31.915025111036524,4,0.0,0,305.55
1,17,Robot1,81.833277214447,6,5.2,0,925.59
1,12,Robot2,44.39750849744686,6,0.0,0,348.01
1,12,Robot2,43.16094958414166,7,0.0,0,386.26
1,17,Robot2,55.03708036662231,7,0.0,0,376.74
1,15,Robot2,78.76575253719213,3,5.2,2,1150.61
1,16,Robot1,60.369294414275,7,0.0,2,598.8
1,13,Robot2,76.81008703223648,6,0.0,0,490.59
1,11,Robot1,88.2624089145331,3,0.0,2,737.33
1,12,Robot2,62.53395206699667,8,0.0,0,426.98
1,17,Robot2,98.97391513932367,4,5.2,0,1024.81
1,11,Robot2,67.47088858247551,5,5.2,2,985.58
1,13,Robot1,88.92475749706804,3,0.0,1,506.05
1,16,Robot2,59.06590517927808,6,0.0,1,491.21
1,10,Robot2,91.2107864293063,6,0.0,1,724.32
1,13,Robot1,53.50752871712725,6,0.0,0,320.43
1,16,Robot2,71.72033748959157,3,0.0,0,382.19
1,17,Robot2,49.3376956529475,5,5.2,1,708.13
1,11,Robot2,40.84353629166512,5,0.0,0,332.7
1,16,Robot2,70.5969197966167,11,0.0,1,684.16
1,14,Robot2,45.143907122646425,3,0.0,1,366.07
1,13,Robot2,30.800494495815624,4,0.0,1,280.76
1,18,Robot2,64.82094543021103,10,0.0,1,636.53
1,13,Robot1,64.89650655189786,6,0.0,1,400.74
1,12,Robot1,90.18751473215887,4,0.0,0,381.12
1,11,Robot2,72.46946860494259,6,0.0,1,496.29
1,13,Robot2,73.74579894880327,7,5.2,2,1096.08
1,12,Robot2,54.247644305721444,8,0.0,1,524.1
1,17,Robot1,67.10690417103292,8,0.0,0,379.17
1,18,Robot2,52.43810954058755,4,0.0,1,457.56
1,12,Robot2,36.76253628080482,5,0.0,2,452.71
1,17,Robot1,99.04582100089766,5,0.0,1,623.11
1,12,Robot1,45.32593902464059,8,0.0,2,537.8
1,18,Robot1,68.99009852407875,6,0.0,1,499.8
1,17,Robot2,91.23750048218834,4,0.0,1,641.88
1,16,Robot1,73.69151949534259,5,0.0,0,314.13
1,16,Robot2,23.544461916378626,5,0.0,2,400.66
1,17,Robot2,45.42232321520338,7,0.0,2,597.93
1,17,Robot2,45.82941436398109,3,0.0,0,246.85
1,17,Robot2,57.53048958495726,5,0.0,2,595.47
1,17,Robot1,95.42113125382569,2,5.2,0,859.91
1,15,Robot1,43.228210717922856,4,0.0,0,211.5
1,13,Robot1,74.1308542722443,7,0.0,2,675.43
1,12,Robot1,31.446233467223706,5,0.0,1,301.69
1,16,Robot2,69.52040328181295,4,0.0,1,485.9
1,17,Robot2,25.320973697565396,6,5.2,0,401.43
1,12,Robot1,83.80081126870667,7,0.0,1,583.87
1,10,Robot1,21.18454553519999,6,0.0,1,224.01
1,10,Robot2,40.49446907688584,5,0.0,1,425.56
1,11,Robot1,51.00607870732017,5,0.0,2,464.31
1,17,Robot1,78.74901480351068,7,0.0,2,748.52
1,17,Robot1,40.61141779932644,5,0.0,0,215.37
1,17,Robot1,81.80856455889484,5,0.0,1,538.9
1,16,Robot1,96.56153673470423,5,0.0,0,435.74
1,10,Robot1,77.89433852901873,8,0.0,1,604.75
1,13,Robot1,44.67700034140121,5,0.0,2,382.95
1,14,Robot2,52.100918051068135,3,5.2,0,638.72
1,12,Robot2,33.90896094015826,8,0.0,0,355.52
1,11,Robot2,32.21441055072571,6,5.2,1,
1,17,Robot1,73.1896112727612,5,0.0,2,602.89
1,18,Robot1,46.78598642472613,9,0.0,0,365.01
1,17,Robot1,91.34479256074015,7,0.0,0,458.86
1,14,Robot1,44.235279706354596,6,0.0,1,
1,17,Robot1,85.1279315930416,4,0.0,1,563.51
1,18,Robot1,49.9632565749737,6,5.2,0,546.14
1,15,Robot2,85.00487940005105,7,0.0,0,487.23
1,13,Robot1,74.49198311815864,3,5.2,1,886.59
1,10,Robot2,69.40412764980164,8,0.0,1,580.89
1,17,Robot2,54.14537351126271,9,0.0,2,636.98
1,11,Robot2,72.41673529331278,3,0.0,0,354.4
1,13,Robot1,55.15138708182683,3,0.0,2,422.74
1,17,Robot1,45.10962899242799,5,5.2,1,580.5
1,11,Robot2,59.97049286693862,4,0.0,0,309.39
1,11,Robot2,70.36668453812041,5,0.0,2,741.87
1,11,Robot2,58.931447251626686,3,0.0,1,428.55
1,12,Robot1,84.95413289015781,10,0.0,0,567.79
1,15,Robot2,90.4562383008954,6,0.0,0,520.68
1,11,Robot1,51.97452232911121,6,0.0,2,462.98
1,11,Robot2,50.7755922067893,4,0.0,0,351.9
1,11,Robot2,52.68590412513112,5,0.0,0,340.94
1,11,Robot1,68.46051814575313,7,0.0,0,396.95
1,10,Robot2,29.662745896310035,4,0.0,1,278.48
1,16,Robot1,39.60954196832189,4,0.0,0,224.53
1,16,Robot2,60.94570611721782,3,0.0,2,603.13
1,14,Robot2,59.523798365197756,5,0.0,0,395.39
1,10,Robot1,65.80421413624597,5,5.2,1,
1,11,Robot2,42.19651629978166,9,0.0,0,416.83
1,15,Robot2,31.372512377790926,9,0.0,1,418.29
1,10,Robot2,21.14574683304627,6,0.0,1,324.97
1,10,Robot1,60.331283481807944,5,0.0,0,334.31
1,12,Robot1,70.61592080210389,6,0.0,1,520.93
1,16,Robot2,59.79660561590722,6,0.0,0,388.17
1,18,Robot2,23.9523315431145,6,0.0,0,330.65
1,12,Robot2,36.338486607744024,9,0.0,1,473.44
1,16,Robot2,46.49913638836904,8,0.0,2,602.67
1,12,Robot1,59.131735411146806,5,0.0,0,296.43
1,13,Robot1,64.90124408760249,6,5.2,0,692.56
1,17,Robot2,94.23424532491514,6,0.0,2,876.44
1,17,Robot2,80.87099359358436,6,0.0,2,725.95
1,15,Robot1,64.57279832377148,3,0.0,2,446.19
1,15,Robot1,83.88536616245025,3,0.0,0,351.87
1,10,Robot1,76.51382720783897,9,0.0,0,422.68
1,14,Robot1,74.73755399939326,7,5.2,1,993.3
1,13,Robot1,30.26005220674575,4,5.2,0,387.01
1,11,Robot1,54.340066438094965,3,5.2,1,664.26
1,16,Robot2,41.2455443087634,7,0.0,1,438.74
1,13,Robot1,77.99997917711451,5,0.0,2,568.03
1,17,Robot2,82.14903190702475,7,5.2,0,966.24
1,17,Robot2,57.890405666299074,6,0.0,2,551.3
1,18,Robot2,49.759421580657076,6,0.0,2,517.85
1,12,Robot2,33.105688765446075,5,0.0,2,
1,17,Robot1,84.18902684955117,2,5.2,1,963.55
1,18,Robot1,90.35248896491342,8,0.0,2,752.32
1,18,Robot2,49.04904658642725,4,0.0,1,410.54
1,18,Robot2,40.64424978217986,9,0.0,1,476.15
1,10,Robot1,30.89619220944123,7,5.2,1,525.01
1,14,Robot2,88.34576149799203,6,0.0,2,823.22
1,18,Robot1,49.745480097760165,6,0.0,2,493.38
1,11,Robot1,83.57450226444712,8,0.0,2,728.85
1,15,Robot1,40.189661184933755,2,0.0,1,252.9
1,10,Robot2,51.71348598103096,7,0.0,2,575.86
1,13,Robot2,94.9053733998753,5,0.0,0,459.36
1,18,Robot2,74.68430574979287,4,0.0,0,351.07
1,10,Robot1,86.70168949856689,8,0.0,1,590.15
1,14,Robot2,21.291554878604323,2,5.2,0,291.56
1,10,Robot2,72.0415457813921,3,0.0,1,514.99
1,15,Robot2,82.22242143855782,5,0.0,2,744.76
1,14,Robot1,89.40415892219016,2,0.0,0,329.17
1,10,Robot2,51.61229313441802,8,5.2,2,890.3
1,11,Robot1,57.23374847946443,4,0.0,1,387.43
1,18,Robot2,86.54626485393327,7,5.2,2,1334.04
1,11,Robot1,28.380520758304566,6,5.2,2,470.28
1,17,Robot2,39.828381487010674,5,0.0,0,312.79
1,17,Robot2,79.28046472912422,5,5.2,0,860.22
1,13,Robot1,72.33854796244165,6,0.0,0,368.81
1,11,Robot2,64.16024955865822,9,0.0,0,506.55
1,13,Robot2,48.72573065502921,11,0.0,0,502.83
1,14,Robot2,77.35717215969254,6,0.0,0,445.86
1,17,Robot2,69.70011744411784,6,0.0,1,539.99
1,10,Robot1,57.77076875780503,6,0.0,1,421.16
1,10,Robot1,66.74248943243367,7,0.0,1,485.2
1,11,Robot1,27.22950640913389,5,0.0,2,286.7
1,15,Robot2,22.899285772032112,4,0.0,1,319.63
1,10,Robot1,49.39955415603612,11,0.0,0,389.22
1,15,Robot2,85.87550614544588,3,0.0,2,741.25
1,11,Robot1,81.20409548948331,6,0.0,1,552.39
1,13,Robot2,98.44999558193365,8,0.0,0,544.29
1,17,Robot1,25.018609486100498,6,5.2,1,463.88
1,18,Robot2,89.71302291834738,7,5.2,1,1203.84
1,12,Robot1,29.20456143733515,10,0.0,0,375.37
1,10,Robot2,55.891998286953445,5,0.0,0,368.75
1,10,Robot1,35.540897210127596,5,0.0,0,191.05
1,17,Robot2,49.13206556346344,5,0.0,1,430.71
1,17,Robot2,87.20078909222552,4,0.0,1,531.92
1,12,Robot1,57.70516123859142,8,0.0,1,477.15
1,11,Robot1,74.95825030488308,5,0.0,2,601.43
1,14,Robot1,40.49059879400427,4,0.0,1,287.95
1,10,Robot1,40.79172102977684,7,0.0,0,322.12
1,14,Robot1,26.187370483217755,5,0.0,2,278.29
1,18,Robot1,94.23624508666254,3,0.0,1,496.37
1,17,Robot1,45.12120246289946,8,0.0,1,408.88
1,12,Robot2,82.77759908309042,6,0.0,2,713.75
1,16,Robot1,59.98763281689816,5,0.0,0,276.68
1,10,Robot2,67.60006354128787,7,0.0,2,685.32
1,16,Robot1,38.24726104791534,5,0.0,1,295.8
1,15,Robot2,52.833422751715744,2,0.0,2,481.96
1,11,Robot2,84.63375703689374,5,0.0,2,
1,12,Robot1,37.77987349419304,4,0.0,2,316.61
1,15,Robot1,65.03119694246931,6,0.0,1,465.22
1,10,Robot1,87.09428260753344,5,0.0,1,582.61
1,13,Robot1,49.01893871079276,8,5.2,2,833.22
1,14,Robot2,78.63665659296421,4,0.0,2,732.54
1,10,Robot1,35.706184804005446,9,5.2,1,595.74
1,17,Robot2,66.98890943114463,8,0.0,1,598.96
1,10,Robot2,56.54216563848413,4,5.2,2,867.9
1,18,Robot1,98.2411415005295,6,0.0,0,416.4
1,15,Robot1,36.43373631113539,4,5.2,2,503.98
1,15,Robot1,54.40273072572694,7,0.0,0,371.7
1,17,Robot2,30.281973397923952,8,5.2,1,581.72
1,18,Robot1,49.354199170427805,6,0.0,0,275.78
1,10,Robot1,59.347672674418384,4,5.2,1,768.74
1,12,Robot1,33.31953729690229,7,5.2,1,548.54
1,17,Robot1,33.98186356332247,8,5.2,0,505.74
1,18,Robot1,52.96426657034553,3,0.0,1,319.01
1,14,Robot1,43.88417109846421,4,0.0,2,394.93
1,17,Robot2,52.9427147216704,5,0.0,1,498.55
1,18,Robot2,92.84001946446591,7,0.0,1,657.78
1,17,Robot2,62.44484643502017,3,5.2,2,882.96
1,14,Robot2,46.46406905097021,2,0.0,1,337.79
1,12,Robot2,57.258621121704905,7,0.0,0,450.78
1,12,Robot2,39.5126473230832,7,0.0,1,448.83
1,13,Robot2,32.420025559294814,3,0.0,2,391.35
1,14,Robot2,65.79302457381131,5,0.0,0,433.8
1,10,Robot1,49.7134718480971,7,0.0,2,506.82
1,17,Robot2,81.59199185076511,9,0.0,2,838.24
1,11,Robot1,85.51201321455454,3,0.0,1,547.7
1,15,Robot1,87.86864382971864,7,0.0,2,741.31
1,12,Robot1,65.71513631303314,4,5.2,2,930.21
1,15,Robot2,39.24373574748252,4,0.0,0,313.69
1,12,Robot2,65.4438820640845,8,0.0,0,484.22
1,13,Robot2,56.85597361603917,4,0.0,2,579.15
1,17,Robot2,96.46580284654577,4,0.0,2,835.91
1,11,Robot1,37.247306608080265,6,5.2,1,551.44
1,16,Robot2,71.32580143904855,7,0.0,0,487.06
1,17,Robot1,97.36645139661766,6,0.0,1,663.56
1,14,Robot2,67.62828883206242,4,0.0,2,615.66
1,10,Robot1,97.53621797016031,4,0.0,0,379.79
1,15,Robot2,78.50654206085125,6,5.2,2,1225.06
1,12,Robot1,75.27992885831605,5,0.0,0,355.66
1,10,Robot1,44.998888841745384,7,0.0,0,356.17
1,18,Robot1,23.35349621633014,6,0.0,1,249.41
1,18,Robot2,63.21805915729553,7,0.0,0,453.61
1,11,Robot1,25.72611525176482,4,5.2,1,317.74
1,16,Robot2,93.54920705213785,7,0.0,1,736.67
1,15,Robot1,33.168730978933496,9,0.0,1,433.5
1,17,Robot2,82.25703393377808,7,0.0,1,685.36
1,15,Robot2,28.824694948393134,4,0.0,1,277.7
1,10,Robot1,84.35814619125063,7,0.0,0,421.03
1,17,Robot2,75.48645831044365,5,0.0,0,422.4
1,18,Robot2,93.49720193004299,2,0.0,2,776.53
1,16,Robot1,57.315530523250544,7,0.0,1,440.84
1,18,Robot2,86.58057331096724,7,5.2,2,1338.68
1,12,Robot2,49.2744040084704,6,0.0,0,332.19
1,10,Robot2,55.42874244999464,6,0.0,1,469.47
1,18,Robot1,32.26571803011638,6,5.2,2,540.18
1,11,Robot2,42.6824145891357,3,5.2,0,536.14
1,13,Robot2,76.50620618809621,4,0.0,2,651.37
1,11,Robot1,92.42201145066562,6,0.0,1,598.35
1,13,Robot2,21.76348511327754,4,0.0,1,268.31
1,14,Robot2,59.22299669749046,3,5.2,0,741.29
1,15,Robot1,88.71628520799608,7,0.0,0,428.82
1,10,Robot2,79.09813760436593,5,5.2,2,1098.89
